{
    "users":[
        {
        "name":"prasanth",
        "email":"prasasnthjdfwk",
        "phone":"232",
        "add":"wedwdfsd"
    },
    {
        "name":"prasanth",
        "email":"prasasnthjdfwk",
        "phone":"232",
        "add":"wedwdfsd"
    },
    {
        "name":"prasanth",
        "email":"prasasnthjdfwk",
        "phone":"232",
        "add":"wedwdfsd"
    },
    {
        "name":"prasanth",
        "email":"prasasnthjdfwk",
        "phone":"232",
        "add":"wedwdfsd"
    },
    {
        "name":"prasanth",
        "email":"prasasnthjdfwk",
        "phone":"232",
        "add":"wedwdfsd"
    }]
}
 
